,0
A  A,wireless-telecommunications
B  B,telecommunications-equipment
BOC,advertising-marketing-services
CCO,advertising-marketing-services
CNET,advertising-marketing-services
CPOP,advertising-marketing-services
DRCT,advertising-marketing-services
E  E,wholesale-distributors
FCUV,advertising-marketing-services
GAME,advertising-marketing-services
H  H,wholesale-distributors
I  I,telecommunications-equipment
ICLK,advertising-marketing-services
IPG,advertising-marketing-services
ISIG,advertising-marketing-services
M  M,water-utilities
MOBQ,advertising-marketing-services
NCMI,advertising-marketing-services
NLSN,advertising-marketing-services
NXTP,advertising-marketing-services
OMC,advertising-marketing-services
QNST,advertising-marketing-services
QUOT,advertising-marketing-services
S  S,wireless-telecommunications
STRN,advertising-marketing-services
THRY,advertising-marketing-services
TRKA,advertising-marketing-services
T  T,trucks-construction-farm-machinery
WPP,advertising-marketing-services
ACHR,aerospace-defense
AIR,aerospace-defense
AJRD,aerospace-defense
ARBE,aerospace-defense
ASTC,aerospace-defense
ASTR,aerospace-defense
AVAV,aerospace-defense
AXON,aerospace-defense
BA,aerospace-defense
C  C,wholesale-distributors
COMS,aerospace-defense
CW,aerospace-defense
DCO,aerospace-defense
ERJ,aerospace-defense
ESE,aerospace-defense
ESLT,aerospace-defense
EVTL,aerospace-defense
GD,aerospace-defense
HEI,aerospace-defense
HEI.,aerospace-defense
HII,aerospace-defense
HWM,aerospace-defense
HXL,aerospace-defense
JOBY,aerospace-defense
KAMN,aerospace-defense
KTOS,aerospace-defense
LDOS,aerospace-defense
LHX,aerospace-defense
LILM,aerospace-defense
LMT,aerospace-defense
MNTS,aerospace-defense
MOG.,aerospace-defense
MRCY,aerospace-defense
MSI,aerospace-defense
MYNA,aerospace-defense
NOC,aerospace-defense
N  N,specialty-stores
P  P,wireless-telecommunications
POWW,aerospace-defense
RADA,aerospace-defense
RDW,aerospace-defense
RKLB,aerospace-defense
RTX,aerospace-defense
SATL,aerospace-defense
SPCE,aerospace-defense
SPR,aerospace-defense
SSTI,aerospace-defense
SWBI,aerospace-defense
TATT,aerospace-defense
TDG,aerospace-defense
TDY,aerospace-defense
TGI,aerospace-defense
TXT,aerospace-defense
UAVS,aerospace-defense
VORB,aerospace-defense
ACB,agricultural-commodities-milling
ADM,agricultural-commodities-milling
AGRO,agricultural-commodities-milling
AKAN,agricultural-commodities-milling
ALCO,agricultural-commodities-milling
ANDE,agricultural-commodities-milling
APPH,agricultural-commodities-milling
AVO,agricultural-commodities-milling
BARK,agricultural-commodities-milling
BG,agricultural-commodities-milling
BRCN,agricultural-commodities-milling
CGC,agricultural-commodities-milling
CRES,agricultural-commodities-milling
CRON,agricultural-commodities-milling
DAR,agricultural-commodities-milling
ELAN,agricultural-commodities-milling
HEXO,agricultural-commodities-milling
HUGE,agricultural-commodities-milling
IBA,agricultural-commodities-milling
L  L,trucks-construction-farm-machinery
LND,agricultural-commodities-milling
MGPI,agricultural-commodities-milling
OGI,agricultural-commodities-milling
R  R,steel
SISI,agricultural-commodities-milling
SNDL,agricultural-commodities-milling
TLRY,agricultural-commodities-milling
VITL,agricultural-commodities-milling
V  V,recreational-products
AAWW,air-freight-couriers
BEST,air-freight-couriers
CHRW,air-freight-couriers
CYRX,air-freight-couriers
DADA,air-freight-couriers
EXPD,air-freight-couriers
FDX,air-freight-couriers
FWRD,air-freight-couriers
GXO,air-freight-couriers
HUBG,air-freight-couriers
PBI,air-freight-couriers
PFSW,air-freight-couriers
UPS,air-freight-couriers
Y  Y,water-utilities
ZTO,air-freight-couriers
AAL,airlines
ALGT,airlines
ALK,airlines
ATSG,airlines
AZUL,airlines
BLDE,airlines
CEA,airlines
CPA,airlines
DAL,airlines
GOL,airlines
HA,airlines
JBLU,airlines
LUV,airlines
MESA,airlines
RYAA,airlines
SAVE,airlines
SKYW,airlines
SNCY,airlines
UAL,airlines
ULCC,airlines
UP,airlines
VLRS,airlines
ZNH,airlines
AY,alternative-power-generation
AZRE,alternative-power-generation
BIP,alternative-power-generation
CWEN,alternative-power-generation
MAXN,alternative-power-generation
NEP,alternative-power-generation
NOVA,alternative-power-generation
ORA,alternative-power-generation
RNW,alternative-power-generation
RUN,alternative-power-generation
AA,aluminum
ACH,aluminum
ARNC,aluminum
CENX,aluminum
KALU,aluminum
BIRD,apparel-footwear
CAL,apparel-footwear
COLM,apparel-footwear
CROX,apparel-footwear
DBGI,apparel-footwear
DECK,apparel-footwear
D  D,wholesale-distributors
EVK,apparel-footwear
FIGS,apparel-footwear
GES,apparel-footwear
GIII,apparel-footwear
GIL,apparel-footwear
GOOS,apparel-footwear
HBI,apparel-footwear
J  J,wholesale-distributors
K  K,telecommunications-equipment
LAKE,apparel-footwear
LEVI,apparel-footwear
LLL,apparel-footwear
NKE,apparel-footwear
ONON,apparel-footwear
OXM,apparel-footwear
PIK,apparel-footwear
PVH,apparel-footwear
SHOO,apparel-footwear
SKX,apparel-footwear
TBLT,apparel-footwear
UA,apparel-footwear
UAA,apparel-footwear
VFC,apparel-footwear
VRA,apparel-footwear
WWW,apparel-footwear
XELB,apparel-footwear
ZGN,apparel-footwear
AEO,apparel-footwear-retail
ANF,apparel-footwear-retail
BBWI,apparel-footwear-retail
BKE,apparel-footwear-retail
BOOT,apparel-footwear-retail
BURL,apparel-footwear-retail
CHS,apparel-footwear-retail
CPRI,apparel-footwear-retail
CRI,apparel-footwear-retail
CTRN,apparel-footwear-retail
DBI,apparel-footwear-retail
DXLG,apparel-footwear-retail
EXPR,apparel-footwear-retail
FL,apparel-footwear-retail
GCO,apparel-footwear-retail
GPS,apparel-footwear-retail
JILL,apparel-footwear-retail
LE,apparel-footwear-retail
MOGU,apparel-footwear-retail
O  O,semiconductors
PLCE,apparel-footwear-retail
POSH,apparel-footwear-retail
RL,apparel-footwear-retail
ROST,apparel-footwear-retail
SCVL,apparel-footwear-retail
SFIX,apparel-footwear-retail
TJX,apparel-footwear-retail
TLYS,apparel-footwear-retail
TPR,apparel-footwear-retail
URBN,apparel-footwear-retail
VSCO,apparel-footwear-retail
ZUMZ,apparel-footwear-retail
ADNT,auto-parts-oem
ALSN,auto-parts-oem
ALV,auto-parts-oem
APTV,auto-parts-oem
AXL,auto-parts-oem
AYRO,auto-parts-oem
DAN,auto-parts-oem
FRSX,auto-parts-oem
GNTX,auto-parts-oem
GTX,auto-parts-oem
HYLN,auto-parts-oem
LAZR,auto-parts-oem
LEA,auto-parts-oem
MGA,auto-parts-oem
MOD,auto-parts-oem
MTOR,auto-parts-oem
REE,auto-parts-oem
SYPR,auto-parts-oem
TEN,auto-parts-oem
THRM,auto-parts-oem
U  U,textiles
VC,auto-parts-oem
WKHS,auto-parts-oem
DORM,automotive-aftermarket
GT,automotive-aftermarket
LKQ,automotive-aftermarket
XPEL,automotive-aftermarket
ABEV,beverages-alcoholic
BF.A,beverages-alcoholic
BF.B,beverages-alcoholic
BUD,beverages-alcoholic
CCU,beverages-alcoholic
DEO,beverages-alcoholic
NBEV,beverages-alcoholic
SAM,beverages-alcoholic
STZ,beverages-alcoholic
STZ.,beverages-alcoholic
TAP,beverages-alcoholic
TAP.,beverages-alcoholic
VINE,beverages-alcoholic
W  W,wholesale-distributors
AKO.,beverages-non-alcoholic
CCEP,beverages-non-alcoholic
CELH,beverages-non-alcoholic
COKE,beverages-non-alcoholic
FIZZ,beverages-non-alcoholic
FMX,beverages-non-alcoholic
FTFT,beverages-non-alcoholic
KDP,beverages-non-alcoholic
KO,beverages-non-alcoholic
KOF,beverages-non-alcoholic
MNST,beverages-non-alcoholic
PEP,beverages-non-alcoholic
PRMW,beverages-non-alcoholic
REED,beverages-non-alcoholic
WTER,beverages-non-alcoholic
Z  Z,other-metals-minerals
AADI,biotechnology
ABCL,biotechnology
ABCM,biotechnology
ADAP,biotechnology
ADGI,biotechnology
ADMA,biotechnology
ADPT,biotechnology
ADTX,biotechnology
ADVM,biotechnology
AEZS,biotechnology
AGEN,biotechnology
AGLE,biotechnology
AIKI,biotechnology
ALDX,biotechnology
ALEC,biotechnology
ALLO,biotechnology
ALT,biotechnology
AMGN,biotechnology
ANAB,biotechnology
ANIP,biotechnology
ANIX,biotechnology
APDN,biotechnology
APTO,biotechnology
APVO,biotechnology
AQB,biotechnology
ARMP,biotechnology
ARVN,biotechnology
ARWR,biotechnology
ATHA,biotechnology
ATHX,biotechnology
ATRA,biotechnology
AUPH,biotechnology
AURA,biotechnology
AVRO,biotechnology
AVXL,biotechnology
AWH,biotechnology
AXSM,biotechnology
AZYO,biotechnology
BBIO,biotechnology
BCDA,biotechnology
BCEL,biotechnology
BCLI,biotechnology
BCRX,biotechnology
BCTX,biotechnology
BDTX,biotechnology
BEAM,biotechnology
BIIB,biotechnology
BLUE,biotechnology
BMRN,biotechnology
BNGO,biotechnology
BNTX,biotechnology
BON,biotechnology
BPMC,biotechnology
BPTH,biotechnology
BRTX,biotechnology
BTAI,biotechnology
BTTX,biotechnology
CABA,biotechnology
CALA,biotechnology
CANF,biotechnology
CARA,biotechnology
CBAY,biotechnology
CBIO,biotechnology
CDMO,biotechnology
CELZ,biotechnology
CGEN,biotechnology
CHRS,biotechnology
CLSN,biotechnology
CODX,biotechnology
COGT,biotechnology
CRBU,biotechnology
CRDL,biotechnology
CRIS,biotechnology
CRMD,biotechnology
CRSP,biotechnology
CRTX,biotechnology
CSBR,biotechnology
CUE,biotechnology
CVM,biotechnology
CWBR,biotechnology
CYAD,biotechnology
CYTH,biotechnology
CYTO,biotechnology
DCPH,biotechnology
DNLI,biotechnology
DRIO,biotechnology
DRUG,biotechnology
DSGN,biotechnology
DTIL,biotechnology
DVAX,biotechnology
DYAI,biotechnology
EDIT,biotechnology
EFTR,biotechnology
ELEV,biotechnology
ELOX,biotechnology
ELYM,biotechnology
ENOB,biotechnology
ENSC,biotechnology
EQ,biotechnology
EVFM,biotechnology
EXAS,biotechnology
EXEL,biotechnology
FATE,biotechnology
FBRX,biotechnology
F  F,trucks-construction-farm-machinery
FGEN,biotechnology
FHTX,biotechnology
EVC,broadcasting
FOX,broadcasting
FOXA,broadcasting
GTN,broadcasting
GTN.,broadcasting
IHRT,broadcasting
MDIA,broadcasting
NXST,broadcasting
PARA,broadcasting
Q  Q,services-to-the-health-industry
SALM,broadcasting
SBGI,broadcasting
SIRI,broadcasting
SSP,broadcasting
TGNA,broadcasting
UONE,broadcasting
AEHL,building-products
ALLE,building-products
AMWD,building-products
AOS,building-products
AWI,building-products
AZEK,building-products
BLD,building-products
BLDR,building-products
CNR,building-products
CSL,building-products
DOOR,building-products
FBHS,building-products
FGI,building-products
GFF,building-products
LII,building-products
MAS,building-products
NX,building-products
OTIS,building-products
SSD,building-products
TGLS,building-products
TILE,building-products
WSO,building-products
WSO.,building-products
AMCX,cable-satellite-tv
CABO,cable-satellite-tv
CHTR,cable-satellite-tv
CMCS,cable-satellite-tv
DIS,cable-satellite-tv
DISH,cable-satellite-tv
LBTY,cable-satellite-tv
LILA,cable-satellite-tv
WBD,cable-satellite-tv
BALY,casinos-gaming
BYD,casinos-gaming
CHDN,casinos-gaming
CNTY,casinos-gaming
CPHC,casinos-gaming
CZR,casinos-gaming
ELYS,casinos-gaming
EVRI,casinos-gaming
FLL,casinos-gaming
GDEN,casinos-gaming
GRVY,casinos-gaming
IGT,casinos-gaming
LNW,casinos-gaming
LVS,casinos-gaming
MGM,casinos-gaming
MLCO,casinos-gaming
MSC,casinos-gaming
PENN,casinos-gaming
RSI,casinos-gaming
WYNN,casinos-gaming
BIOX,chemicals-agricultural
CF,chemicals-agricultural
CTVA,chemicals-agricultural
FMC,chemicals-agricultural
ICL,chemicals-agricultural
LAC,chemicals-agricultural
LITM,chemicals-agricultural
LXU,chemicals-agricultural
MBII,chemicals-agricultural
MOS,chemicals-agricultural
NTR,chemicals-agricultural
PLL,chemicals-agricultural
RKDA,chemicals-agricultural
SLI,chemicals-agricultural
SMG,chemicals-agricultural
SQM,chemicals-agricultural
UAN,chemicals-agricultural
YTEN,chemicals-agricultural
BLFS,chemicals-major-diversified
CE,chemicals-major-diversified
DD,chemicals-major-diversified
EMN,chemicals-major-diversified
ESI,chemicals-major-diversified
FTEK,chemicals-major-diversified
HUN,chemicals-major-diversified
LFMD,chemicals-major-diversified
NGVT,chemicals-major-diversified
VVV,chemicals-major-diversified
ALB,chemicals-specialty
ALTO,chemicals-specialty
AMRS,chemicals-specialty
AMTX,chemicals-specialty
APD,chemicals-specialty
ASH,chemicals-specialty
ASIX,chemicals-specialty
AVTR,chemicals-specialty
BAK,chemicals-specialty
BCPC,chemicals-specialty
CDXS,chemicals-specialty
CHX,chemicals-specialty
CMP,chemicals-specialty
DNMR,chemicals-specialty
DOW,chemicals-specialty
DQ,chemicals-specialty
ECL,chemicals-specialty
FF,chemicals-specialty
GEL,chemicals-specialty
GEVO,chemicals-specialty
GPRE,chemicals-specialty
G  G,wholesale-distributors
IOSP,chemicals-specialty
KRO,chemicals-specialty
KWR,chemicals-specialty
LIN,chemicals-specialty
LTHM,chemicals-specialty
LWLG,chemicals-specialty
LYB,chemicals-specialty
MEOH,chemicals-specialty
MTX,chemicals-specialty
NEU,chemicals-specialty
NXGL,chemicals-specialty
OEC,chemicals-specialty
ORGN,chemicals-specialty
ROG,chemicals-specialty
SCL,chemicals-specialty
SHI,chemicals-specialty
SSL,chemicals-specialty
TANH,chemicals-specialty
TROX,chemicals-specialty
TSE,chemicals-specialty
WLK,chemicals-specialty
AMR,coal
ARCH,coal
AREC,coal
ARLP,coal
BTU,coal
CEIX,coal
HCC,coal
HNRG,coal
METC,coal
NRP,coal
SXC,coal
TECK,coal
ARC,commercial-printing-forms
CMPR,commercial-printing-forms
DLX,commercial-printing-forms
DSS,commercial-printing-forms
LVO,commercial-printing-forms
MTA,commercial-printing-forms
QUAD,commercial-printing-forms
WMG,commercial-printing-forms
AAOI,computer-communications
ANET,computer-communications
FFIV,computer-communications
FTNT,computer-communications
INTZ,computer-communications
LGMK,computer-communications
LTCH,computer-communications
OBLG,computer-communications
PANW,computer-communications
RDWR,computer-communications
SMCI,computer-communications
SMRT,computer-communications
UUU,computer-communications
BLZE,computer-peripherals
CAJ,computer-peripherals
DM,computer-peripherals
EXTR,computer-peripherals
IMMR,computer-peripherals
LINK,computer-peripherals
LOGI,computer-peripherals
NTAP,computer-peripherals
PSTG,computer-peripherals
QMCO,computer-peripherals
SCKT,computer-peripherals
SSYS,computer-peripherals
STX,computer-peripherals
WDC,computer-peripherals
XRX,computer-peripherals
ZBRA,computer-peripherals
BOXL,computer-processing-hardware
DELL,computer-processing-hardware
EBON,computer-processing-hardware
HPE,computer-processing-hardware
HPQ,computer-processing-hardware
IONQ,computer-processing-hardware
NCR,computer-processing-hardware
OSS,computer-processing-hardware
CPAC,construction-materials
CRH,construction-materials
CX,construction-materials
EXP,construction-materials
JHX,construction-materials
LOMA,construction-materials
MLM,construction-materials
SMID,construction-materials
SND,construction-materials
SUM,construction-materials
VMC,construction-materials
CENT,consumer-sundries
DOGZ,consumer-sundries
AMCR,containers-packaging
ATR,containers-packaging
AVY,containers-packaging
BALL,containers-packaging
BERY,containers-packaging
CCK,containers-packaging
GEF,containers-packaging
GEF.,containers-packaging
GPK,containers-packaging
IP,containers-packaging
OC,containers-packaging
OI,containers-packaging
PACK,containers-packaging
PKG,containers-packaging
SEE,containers-packaging
SLGN,containers-packaging
SON,containers-packaging
WRK,containers-packaging
BORR,contract-drilling
HP,contract-drilling
ICD,contract-drilling
NBR,contract-drilling
NE,contract-drilling
PDS,contract-drilling
PTEN,contract-drilling
RIG,contract-drilling
VAL,contract-drilling
ADP,data-processing-services
ARBK,data-processing-services
AVPT,data-processing-services
BCOR,data-processing-services
BITF,data-processing-services
BTB,data-processing-services
BTCM,data-processing-services
CIFR,data-processing-services
CLSK,data-processing-services
CSGS,data-processing-services
CYXT,data-processing-services
DBX,data-processing-services
DGHI,data-processing-services
DXC,data-processing-services
EEFT,data-processing-services
EXLS,data-processing-services
FDS,data-processing-services
FIS,data-processing-services
FLNT,data-processing-services
FVRR,data-processing-services
GDS,data-processing-services
GPN,data-processing-services
HIMS,data-processing-services
HUT,data-processing-services
IOT,data-processing-services
IREN,data-processing-services
KD,data-processing-services
KERN,data-processing-services
MARA,data-processing-services
MOXC,data-processing-services
MPLN,data-processing-services
MRIN,data-processing-services
MSCI,data-processing-services
PAYX,data-processing-services
RAMP,data-processing-services
RCAT,data-processing-services
RXT,data-processing-services
SDIG,data-processing-services
SKLZ,data-processing-services
SLHG,data-processing-services
TYL,data-processing-services
VRSK,data-processing-services
WEX,data-processing-services
WULF,data-processing-services
YEXT,data-processing-services
ZEN,data-processing-services
COST,department-stores
DDS,department-stores
JWN,department-stores
KSS,department-stores
OLLI,department-stores
BIG,discount-stores
DG,discount-stores
DLTR,discount-stores
FIVE,discount-stores
PSMT,discount-stores
BIMI,drugstore-chains
CVS,drugstore-chains
PETS,drugstore-chains
RAD,drugstore-chains
WBA,drugstore-chains
AEE,electric-utilities
AEP,electric-utilities
AES,electric-utilities
AESC,electric-utilities
AGR,electric-utilities
ALE,electric-utilities
AQN,electric-utilities
AQNU,electric-utilities
AVA,electric-utilities
BEP,electric-utilities
BEPC,electric-utilities
BKH,electric-utilities
BWXT,electric-utilities
CEG,electric-utilities
CEPU,electric-utilities
CIG,electric-utilities
CIG.,electric-utilities
CMS,electric-utilities
CMSA,electric-utilities
CMSC,electric-utilities
CNP,electric-utilities
DTE,electric-utilities
DTP,electric-utilities
DTW,electric-utilities
DUK,electric-utilities
DUKB,electric-utilities
EBR,electric-utilities
EBR.,electric-utilities
ED,electric-utilities
EDN,electric-utilities
EIX,electric-utilities
ELP,electric-utilities
ENIC,electric-utilities
ES,electric-utilities
ETR,electric-utilities
EVRG,electric-utilities
EXC,electric-utilities
FE,electric-utilities
FSLR,electric-utilities
FTS,electric-utilities
HE,electric-utilities
HNP,electric-utilities
IDA,electric-utilities
KEN,electric-utilities
KEP,electric-utilities
LNT,electric-utilities
MGEE,electric-utilities
NEE,electric-utilities
NGG,electric-utilities
NRG,electric-utilities
NWE,electric-utilities
OGE,electric-utilities
OTTR,electric-utilities
PAM,electric-utilities
PCG,electric-utilities
PCGU,electric-utilities
PEG,electric-utilities
PNM,electric-utilities
PNW,electric-utilities
POR,electric-utilities
PPL,electric-utilities
SO,electric-utilities
SOJC,electric-utilities
SOLN,electric-utilities
SRE,electric-utilities
TAC,electric-utilities
VIA,electric-utilities
VST,electric-utilities
VVPR,electric-utilities
WEC,electric-utilities
XEL,electric-utilities
ABB,electrical-products
AME,electrical-products
AMSC,electrical-products
ATKR,electrical-products
AYI,electrical-products
BDC,electrical-products
BE,electrical-products
BEEM,electrical-products
BLDP,electrical-products
BWEN,electrical-products
CBAT,electrical-products
CNEY,electrical-products
EAF,electrical-products
EFOI,electrical-products
EMR,electrical-products
ENS,electrical-products
ENVX,electrical-products
EOSE,electrical-products
ERII,electrical-products
ETN,electrical-products
FLNC,electrical-products
FREY,electrical-products
GNRC,electrical-products
GWH,electrical-products
HUBB,electrical-products
INVZ,electrical-products
IQMD,electrical-products
ITGR,electrical-products
LFUS,electrical-products
LITE,electrical-products
MVST,electrical-products
NILE,electrical-products
NRGV,electrical-products
NVVE,electrical-products
NVX,electrical-products
OEG,electrical-products
OESX,electrical-products
OPTT,electrical-products
PPSI,electrical-products
QS,electrical-products
RMO,electrical-products
ROK,electrical-products
SEDG,electrical-products
SKYX,electrical-products
SLDP,electrical-products
SPWR,electrical-products
STEM,electrical-products
SUNW,electrical-products
TPIC,electrical-products
XL,electrical-products
X  X,real-estate-development
AMPG,electronic-components
APH,electronic-components
BHE,electronic-components
CAMT,electronic-components
CLS,electronic-components
FLEX,electronic-components
GLW,electronic-components
JBL,electronic-components
KN,electronic-components
LEDS,electronic-components
LPTH,electronic-components
NVT,electronic-components
OLED,electronic-components
PLUG,electronic-components
PLXS,electronic-components
SANM,electronic-components
SENS,electronic-components
SGMA,electronic-components
TEL,electronic-components
TTMI,electronic-components
VICR,electronic-components
VSH,electronic-components
WOLF,electronic-components
BW,electronic-equipment-instruments
CETX,electronic-equipment-instruments
CGNX,electronic-equipment-instruments
CLIR,electronic-equipment-instruments
COHU,electronic-equipment-instruments
DCFC,electronic-equipment-instruments
EMAN,electronic-equipment-instruments
EVLV,electronic-equipment-instruments
FCEL,electronic-equipment-instruments
FEMY,electronic-equipment-instruments
FTV,electronic-equipment-instruments
HOLI,electronic-equipment-instruments
IIVI,electronic-equipment-instruments
INTT,electronic-equipment-instruments
ITRI,electronic-equipment-instruments
KEYS,electronic-equipment-instruments
KODK,electronic-equipment-instruments
LUNA,electronic-equipment-instruments
MIR,electronic-equipment-instruments
NOVT,electronic-equipment-instruments
PAR,electronic-equipment-instruments
POLA,electronic-equipment-instruments
QNGY,electronic-equipment-instruments
SLNH,electronic-equipment-instruments
SPCB,electronic-equipment-instruments
ST,electronic-equipment-instruments
TRMB,electronic-equipment-instruments
VUZI,electronic-equipment-instruments
WBX,electronic-equipment-instruments
ACLS,electronic-production-equipment
AEHR,electronic-production-equipment
AEIS,electronic-production-equipment
AXTI,electronic-production-equipment
EMKR,electronic-production-equipment
FORM,electronic-production-equipment
IMTE,electronic-production-equipment
LPL,electronic-production-equipment
LRCX,electronic-production-equipment
MICT,electronic-production-equipment
MVIS,electronic-production-equipment
NVMI,electronic-production-equipment
ONTO,electronic-production-equipment
OWLT,electronic-production-equipment
PI,electronic-production-equipment
PLAB,electronic-production-equipment
RELL,electronic-production-equipment
SONO,electronic-production-equipment
TER,electronic-production-equipment
VECO,electronic-production-equipment
VRT,electronic-production-equipment
ZEST,electronic-production-equipment
ARW,electronics-distributors
AVCT,electronics-distributors
AVT,electronics-distributors
LTRX,electronics-distributors
RCON,electronics-distributors
REZI,electronics-distributors
SNX,electronics-distributors
BBY,electronics-appliance-stores
CONN,electronics-appliance-stores
GME,electronics-appliance-stores
GOED,electronics-appliance-stores
ARLO,electronics-appliances
COOK,electronics-appliances
GPRO,electronics-appliances
HEAR,electronics-appliances
HELE,electronics-appliances
IMAX,electronics-appliances
IRBT,electronics-appliances
KOSS,electronics-appliances
MITQ,electronics-appliances
MTEK,electronics-appliances
ROKU,electronics-appliances
SONY,electronics-appliances
SPB,electronics-appliances
WEBR,electronics-appliances
WHR,electronics-appliances
ACM,engineering-construction
AENZ,engineering-construction
AMRC,engineering-construction
APG,engineering-construction
DY,engineering-construction
EME,engineering-construction
EXPO,engineering-construction
FIX,engineering-construction
FLR,engineering-construction
GVA,engineering-construction
IBP,engineering-construction
IEA,engineering-construction
IHS,engineering-construction
ISUN,engineering-construction
MTZ,engineering-construction
MYRG,engineering-construction
NVEE,engineering-construction
PRIM,engineering-construction
PWR,engineering-construction
RCMT,engineering-construction
SOL,engineering-construction
STN,engineering-construction
STRL,engineering-construction
CLH,environmental-services
CWST,environmental-services
GFL,environmental-services
GFLU,environmental-services
HSC,environmental-services
JAN,environmental-services
LICY,environmental-services
PCT,environmental-services
PCTT,environmental-services
PYR,environmental-services
QRHC,environmental-services
RSG,environmental-services
SRCL,environmental-services
TTEK,environmental-services
VTNR,environmental-services
WCN,environmental-services
WM,environmental-services
AER,finance-rental-leasing
AHCO,finance-rental-leasing
AIHS,finance-rental-leasing
AL,finance-rental-leasing
AMS,finance-rental-leasing
ASPS,finance-rental-leasing
ATLC,finance-rental-leasing
AXP,finance-rental-leasing
CACC,finance-rental-leasing
CAR,finance-rental-leasing
COOP,finance-rental-leasing
CPSS,finance-rental-leasing
DFS,finance-rental-leasing
ECPG,finance-rental-leasing
ENVA,finance-rental-leasing
FCFS,finance-rental-leasing
HRI,finance-rental-leasing
HTZ,finance-rental-leasing
HYRE,finance-rental-leasing
IX,finance-rental-leasing
LC,finance-rental-leasing
LDI,finance-rental-leasing
LX,finance-rental-leasing
MGRC,finance-rental-leasing
MOGO,finance-rental-leasing
MTMT,finance-rental-leasing
NAVI,finance-rental-leasing
NNI,finance-rental-leasing
NYCB,savings-banks
OMF,finance-rental-leasing
PFSI,finance-rental-leasing
PRG,finance-rental-leasing
QFIN,finance-rental-leasing
RCII,finance-rental-leasing
RKT,finance-rental-leasing
SLM,finance-rental-leasing
SNTG,finance-rental-leasing
SOFI,finance-rental-leasing
SUNL,finance-rental-leasing
SYF,finance-rental-leasing
TGH,finance-rental-leasing
TREE,finance-rental-leasing
TRTN,finance-rental-leasing
UHAL,finance-rental-leasing
URI,finance-rental-leasing
UWMC,finance-rental-leasing
WD,finance-rental-leasing
WSC,finance-rental-leasing
WU,finance-rental-leasing
AFAC,financial-conglomerates
AGMH,financial-conglomerates
AGRI,financial-conglomerates
AHPA,financial-conglomerates
ALCC,financial-conglomerates
ALOR,financial-conglomerates
ALPP,financial-conglomerates
ARIZ,financial-conglomerates
MCO,financial-publishing-services
SPGI,financial-publishing-services
TRU,financial-publishing-services
CHEF,food-distributors
DNUT,food-distributors
DOLE,food-distributors
NAPA,food-distributors
NUZE,food-distributors
PFGC,food-distributors
SYY,food-distributors
UNFI,food-distributors
USFD,food-distributors
ACI,food-retail
CBD,food-retail
FAMI,food-retail
GO,food-retail
IMKT,food-retail
KR,food-retail
NGVC,food-retail
SFM,food-retail
WMK,food-retail
WMT,food-retail
BGS,food-major-diversified
BYND,food-major-diversified
CAG,food-major-diversified
COCO,food-major-diversified
CPB,food-major-diversified
DTEA,food-major-diversified
GIS,food-major-diversified
KHC,food-major-diversified
LEXX,food-major-diversified
MDLZ,food-major-diversified
RGF,food-major-diversified
SMPL,food-major-diversified
THS,food-major-diversified
TTCF,food-major-diversified
VGFC,food-major-diversified
BRFS,food-meat-fish-dairy
BSFC,food-meat-fish-dairy
BTOG,food-meat-fish-dairy
HRL,food-meat-fish-dairy
LWAY,food-meat-fish-dairy
PPC,food-meat-fish-dairy
SAFM,food-meat-fish-dairy
SEB,food-meat-fish-dairy
TSN,food-meat-fish-dairy
BRID,food-specialty-candy
BROS,food-specialty-candy
CALM,food-specialty-candy
CVGW,food-specialty-candy
FDP,food-specialty-candy
FLO,food-specialty-candy
FRPT,food-specialty-candy
HAIN,food-specialty-candy
HSY,food-specialty-candy
IFF,food-specialty-candy
INGR,food-specialty-candy
JJSF,food-specialty-candy
LANC,food-specialty-candy
LW,food-specialty-candy
MKC,food-specialty-candy
MKC.,food-specialty-candy
NOMD,food-specialty-candy
PETZ,food-specialty-candy
POST,food-specialty-candy
SJM,food-specialty-candy
SNAX,food-specialty-candy
SOVO,food-specialty-candy
STKL,food-specialty-candy
SXT,food-specialty-candy
TR,food-specialty-candy
TWNK,food-specialty-candy
UTZ,food-specialty-candy
BCC,forest-products
JELD,forest-products
LPX,forest-products
MHK,forest-products
TREX,forest-products
UFPI,forest-products
WFG,forest-products
ATO,gas-distributors
BIPC,gas-distributors
CLNE,gas-distributors
CPK,gas-distributors
CSAN,gas-distributors
MDU,gas-distributors
NFE,gas-distributors
NI,gas-distributors
NIMC,gas-distributors
NJR,gas-distributors
NWN,gas-distributors
OGS,gas-distributors
SJI,gas-distributors
SJIV,gas-distributors
SPH,gas-distributors
SR,gas-distributors
SWX,gas-distributors
UGI,gas-distributors
UGIC,gas-distributors
ARHS,home-furnishings
DXYN,home-furnishings
ETD,home-furnishings
LEG,home-furnishings
LIVE,home-furnishings
LZB,home-furnishings
SNBR,home-furnishings
TPX,home-furnishings
FND,home-improvement-chains
HD,home-improvement-chains
LOW,home-improvement-chains
BZH,homebuilding
CCS,homebuilding
CHCI,homebuilding
CVCO,homebuilding
DHI,homebuilding
FTDR,homebuilding
GGE,homebuilding
GRBK,homebuilding
HOV,homebuilding
KBH,homebuilding
LEGH,homebuilding
LEN,homebuilding
LEN.,homebuilding
LGIH,homebuilding
MDC,homebuilding
MHO,homebuilding
MTH,homebuilding
NVR,homebuilding
PATK,homebuilding
PHM,homebuilding
SKY,homebuilding
TMHC,homebuilding
TOL,homebuilding
TPH,homebuilding
BKD,hospital-nursing-management
CHE,hospital-nursing-management
CYH,hospital-nursing-management
EHC,hospital-nursing-management
HCA,hospital-nursing-management
JYNT,hospital-nursing-management
NHC,hospital-nursing-management
PINC,hospital-nursing-management
SEM,hospital-nursing-management
SGRY,hospital-nursing-management
SSY,hospital-nursing-management
TDOC,hospital-nursing-management
THC,hospital-nursing-management
UHS,hospital-nursing-management
CCL,hotels-resorts-cruise-lines
CHH,hotels-resorts-cruise-lines
CUK,hotels-resorts-cruise-lines
HLT,hotels-resorts-cruise-lines
HTHT,hotels-resorts-cruise-lines
IHG,hotels-resorts-cruise-lines
MAR,hotels-resorts-cruise-lines
MCRI,hotels-resorts-cruise-lines
MTN,hotels-resorts-cruise-lines
NCLH,hotels-resorts-cruise-lines
RCL,hotels-resorts-cruise-lines
RRR,hotels-resorts-cruise-lines
SOND,hotels-resorts-cruise-lines
TH,hotels-resorts-cruise-lines
TNL,hotels-resorts-cruise-lines
WH,hotels-resorts-cruise-lines
CHD,household-personal-care
CL,household-personal-care
CLX,household-personal-care
COTY,household-personal-care
EL,household-personal-care
ELF,household-personal-care
ENR,household-personal-care
EPC,household-personal-care
IPAR,household-personal-care
JUPW,household-personal-care
KMB,household-personal-care
NTCO,household-personal-care
NUS,household-personal-care
OLPX,household-personal-care
PG,household-personal-care
REV,household-personal-care
REYN,household-personal-care
SVFD,household-personal-care
UL,household-personal-care
BBIG,industrial-conglomerates
HI,industrial-conglomerates
HON,industrial-conglomerates
IEP,industrial-conglomerates
MMM,industrial-conglomerates
NWL,industrial-conglomerates
SPXC,industrial-conglomerates
TT,industrial-conglomerates
AAON,industrial-machinery
ACMR,industrial-machinery
ADES,industrial-machinery
AIMC,industrial-machinery
AMAT,industrial-machinery
AQUA,industrial-machinery
ASYS,industrial-machinery
BGRY,industrial-machinery
BMI,industrial-machinery
CARR,industrial-machinery
CR,industrial-machinery
DDD,industrial-machinery
DOV,industrial-machinery
FELE,industrial-machinery
FLS,industrial-machinery
GE,industrial-machinery
GGG,industrial-machinery
GTEC,industrial-machinery
GTES,industrial-machinery
GTLS,industrial-machinery
IEX,industrial-machinery
IR,industrial-machinery
ITT,industrial-machinery
ITW,industrial-machinery
JBT,industrial-machinery
KLIC,industrial-machinery
KMT,industrial-machinery
KRNT,industrial-machinery
KSCP,industrial-machinery
KULR,industrial-machinery
LECO,industrial-machinery
MIDD,industrial-machinery
MKFG,industrial-machinery
MKSI,industrial-machinery
MWA,industrial-machinery
NDSN,industrial-machinery
NISN,industrial-machinery
NNDM,industrial-machinery
NPO,industrial-machinery
PH,industrial-machinery
PRLB,industrial-machinery
RRX,industrial-machinery
SKYT,industrial-machinery
SOTK,industrial-machinery
STRC,industrial-machinery
TNC,industrial-machinery
TOMZ,industrial-machinery
VLD,industrial-machinery
VTSI,industrial-machinery
WBT,industrial-machinery
WLMS,industrial-machinery
WTS,industrial-machinery
WWD,industrial-machinery
XYL,industrial-machinery
ZKIN,industrial-machinery
ZWS,industrial-machinery
APT,industrial-specialties
ASPN,industrial-specialties
AUVI,industrial-specialties
AXTA,industrial-specialties
CBT,industrial-specialties
CC,industrial-specialties
CLMT,industrial-specialties
DCI,industrial-specialties
EVA,industrial-specialties
FUL,industrial-specialties
GCP,industrial-specialties
GSM,industrial-specialties
OLN,industrial-specialties
PPG,industrial-specialties
RPM,industrial-specialties
SHW,industrial-specialties
VIEW,industrial-specialties
WDFC,industrial-specialties
ACCD,information-technology-services
ACN,information-technology-services
ALIT,information-technology-services
ALRM,information-technology-services
ANY,information-technology-services
APPF,information-technology-services
ATEN,information-technology-services
BKYI,information-technology-services
BLIN,information-technology-services
BLND,information-technology-services
BOX,information-technology-services
BR,information-technology-services
CACI,information-technology-services
CDW,information-technology-services
CINT,information-technology-services
CISO,information-technology-services
CLPS,information-technology-services
CORZ,information-technology-services
CRDO,information-technology-services
CRTD,information-technology-services
CSCO,information-technology-services
CTEK,information-technology-services
CTSH,information-technology-services
DAVA,information-technology-services
DOX,information-technology-services
DSGX,information-technology-services
DTST,information-technology-services
EPAM,information-technology-services
FIVN,information-technology-services
FSLY,information-technology-services
GDYN,information-technology-services
GFAI,information-technology-services
GLOB,information-technology-services
GWRE,information-technology-services
HCTI,information-technology-services
HIVE,information-technology-services
HTCR,information-technology-services
HUBS,information-technology-services
IBM,information-technology-services
IDEX,information-technology-services
INFY,information-technology-services
INPX,information-technology-services
IRNT,information-technology-services
JNPR,information-technology-services
KBR,information-technology-services
KNBE,information-technology-services
MAXR,information-technology-services
MITK,information-technology-services
MLNK,information-technology-services
MNDT,information-technology-services
MOMO,information-technology-services
MTC,information-technology-services
NEON,information-technology-services
NET,information-technology-services
NEWR,information-technology-services
NICE,information-technology-services
NOW,information-technology-services
NSIT,information-technology-services
NTCT,information-technology-services
NTGR,information-technology-services
NU,information-technology-services
NVEI,information-technology-services
OMCL,information-technology-services
PDFS,information-technology-services
PEGA,information-technology-services
PRO,information-technology-services
PSN,information-technology-services
QTWO,information-technology-services
QUBT,information-technology-services
RMBL,information-technology-services
RMNI,information-technology-services
RPD,information-technology-services
SAIC,information-technology-services
SPLK,information-technology-services
SQ,information-technology-services
SQSP,information-technology-services
SSNC,information-technology-services
SSNT,information-technology-services
SWCH,information-technology-services
TAOP,information-technology-services
TDCX,information-technology-services
TTEC,information-technology-services
UPLD,information-technology-services
VIAV,information-technology-services
VMW,information-technology-services
VRNS,information-technology-services
VRNT,information-technology-services
VTEX,information-technology-services
WDAY,information-technology-services
WIT,information-technology-services
WIX,information-technology-services
WK,information-technology-services
XELA,information-technology-services
XNET,information-technology-services
ZG,information-technology-services
AJG,insurance-brokers-services
AON,insurance-brokers-services
BRO,insurance-brokers-services
CRVL,insurance-brokers-services
ESGR,insurance-brokers-services
GOCO,insurance-brokers-services
GSHD,insurance-brokers-services
HIPO,insurance-brokers-services
MMC,insurance-brokers-services
ROOT,insurance-brokers-services
RYAN,insurance-brokers-services
TIRX,insurance-brokers-services
WTW,insurance-brokers-services
AMPY,integrated-oil
APA,integrated-oil
BP,integrated-oil
BRN,integrated-oil
CDEV,integrated-oil
CHK,integrated-oil
CIVI,integrated-oil
CNX,integrated-oil
CTRA,integrated-oil
CVE,integrated-oil
CVX,integrated-oil
DEN,integrated-oil
EC,integrated-oil
EQNR,integrated-oil
ESTE,integrated-oil
HESM,integrated-oil
IMO,integrated-oil
INDO,integrated-oil
NFG,integrated-oil
PBR,integrated-oil
PBR.,integrated-oil
PTR,integrated-oil
REI,integrated-oil
REPX,integrated-oil
SHEL,integrated-oil
SNMP,integrated-oil
SNP,integrated-oil
SU,integrated-oil
TELL,integrated-oil
TTE,integrated-oil
XOM,integrated-oil
YPF,integrated-oil
ACVA,internet-retail
AKA,internet-retail
AMZN,internet-retail
ATER,internet-retail
BABA,internet-retail
BOXD,internet-retail
BZUN,internet-retail
CHWY,internet-retail
CPNG,internet-retail
CURV,internet-retail
DLTH,internet-retail
EBAY,internet-retail
ETSY,internet-retail
FLWS,internet-retail
FTCH,internet-retail
GLBE,internet-retail
GRPN,internet-retail
HNST,internet-retail
HOUR,internet-retail
IPW,internet-retail
JD,internet-retail
LITB,internet-retail
LULU,internet-retail
LVLU,internet-retail
MELI,internet-retail
NEGG,internet-retail
OSTK,internet-retail
PDD,internet-retail
PRTS,internet-retail
QRTE,internet-retail
REAL,internet-retail
RENT,internet-retail
RVLV,internet-retail
SE,internet-retail
TDUP,internet-retail
VIPS,internet-retail
WISH,internet-retail
WNW,internet-retail
WOOF,internet-retail
AEYE,internet-software-services
AFRM,internet-software-services
AKAM,internet-software-services
AMWL,internet-software-services
ANGH,internet-software-services
ANGI,internet-software-services
ARCE,internet-software-services
ATHM,internet-software-services
AUTO,internet-software-services
BEKE,internet-software-services
BIDU,internet-software-services
BRZE,internet-software-services
BZFD,internet-software-services
CARG,internet-software-services
CARS,internet-software-services
CDLX,internet-software-services
CHKP,internet-software-services
COUR,internet-software-services
CRTO,internet-software-services
CSCW,internet-software-services
CSGP,internet-software-services
CUEN,internet-software-services
DASH,internet-software-services
DHX,internet-software-services
DOCS,internet-software-services
EGAN,internet-software-services
EGIO,internet-software-services
EGLX,internet-software-services
EVER,internet-software-services
FENG,internet-software-services
FUBO,internet-software-services
FUTU,internet-software-services
GDDY,internet-software-services
GDRX,internet-software-services
GOOG,internet-software-services
GROM,internet-software-services
HEPS,internet-software-services
IAC,internet-software-services
IQ,internet-software-services
IT,internet-software-services
JMIA,internet-software-services
LPSN,internet-software-services
LTRP,internet-software-services
MAPS,internet-software-services
META,internet-software-services
MIGI,internet-software-services
MMYT,internet-software-services
MSTR,internet-software-services
MTCH,internet-software-services
MULN,internet-software-services
NFLX,internet-software-services
OLB,internet-software-services
OPAD,internet-software-services
OPEN,internet-software-services
OPFI,internet-software-services
PERI,internet-software-services
PINS,internet-software-services
PRCH,internet-software-services
PUBM,internet-software-services
QD,internet-software-services
QTT,internet-software-services
RENN,internet-software-services
SGFY,internet-software-services
SLGG,internet-software-services
SNAP,internet-software-services
SNCR,internet-software-services
SOHU,internet-software-services
SOS,internet-software-services
SPOT,internet-software-services
SSTK,internet-software-services
TBLA,internet-software-services
TME,internet-software-services
TRI,internet-software-services
TRUE,internet-software-services
TRVG,internet-software-services
TTGT,internet-software-services
TWTR,internet-software-services
UPST,internet-software-services
UXIN,internet-software-services
VMEO,internet-software-services
VNET,internet-software-services
VRSN,internet-software-services
VZIO,internet-software-services
WB,internet-software-services
XP,internet-software-services
YELP,internet-software-services
YY,internet-software-services
ZD,internet-software-services
ZI,internet-software-services
ZIP,internet-software-services
AMP,investment-banks-brokers
BGCP,investment-banks-brokers
CBOE,investment-banks-brokers
CME,investment-banks-brokers
COWN,investment-banks-brokers
DB,investment-banks-brokers
EQOS,investment-banks-brokers
EVR,investment-banks-brokers
FRHC,investment-banks-brokers
GS,investment-banks-brokers
HLI,investment-banks-brokers
IBKR,investment-banks-brokers
ICE,investment-banks-brokers
JEF,investment-banks-brokers
LAZ,investment-banks-brokers
LPLA,investment-banks-brokers
MC,investment-banks-brokers
MKTX,investment-banks-brokers
MS,investment-banks-brokers
NDAQ,investment-banks-brokers
NMR,investment-banks-brokers
NOAH,investment-banks-brokers
PIPR,investment-banks-brokers
PJT,investment-banks-brokers
RILY,investment-banks-brokers
RJF,investment-banks-brokers
SCHW,investment-banks-brokers
SF,investment-banks-brokers
SFB,investment-banks-brokers
SII,investment-banks-brokers
TIGR,investment-banks-brokers
TW,investment-banks-brokers
VIRT,investment-banks-brokers
AB,investment-managers
AMG,investment-managers
APAM,investment-managers
APO,investment-managers
ARCC,investment-managers
ARES,investment-managers
ATCO,investment-managers
BAM,investment-managers
BEN,investment-managers
BKCC,investment-managers
BLK,investment-managers
BRDG,investment-managers
BSIG,investment-managers
BX,investment-managers
CG,investment-managers
CIXX,investment-managers
CNS,investment-managers
CODI,investment-managers
CSWC,investment-managers
FHI,investment-managers
FOCS,investment-managers
FTAI,investment-managers
GRNQ,investment-managers
GROW,investment-managers
GSBD,investment-managers
HCXY,investment-managers
HLNE,investment-managers
HQY,investment-managers
HTGC,investment-managers
ICMB,investment-managers
IFS,investment-managers
IVZ,investment-managers
JHG,investment-managers
KKR,investment-managers
MAIN,investment-managers
MFIN,investment-managers
MIC,investment-managers
MORN,investment-managers
ORCC,investment-managers
OWL,investment-managers
PFG,investment-managers
PSEC,investment-managers
PUYI,investment-managers
SEIC,investment-managers
SSSS,investment-managers
STEP,investment-managers
TPG,investment-managers
TROW,investment-managers
VCTR,investment-managers
AAXJ,investment-trusts-mutual-funds
ACWF,investment-trusts-mutual-funds
ACWI,investment-trusts-mutual-funds
ACWV,investment-trusts-mutual-funds
ACWX,investment-trusts-mutual-funds
AFB,investment-trusts-mutual-funds
AFK,investment-trusts-mutual-funds
AGG,investment-trusts-mutual-funds
AGQ,investment-trusts-mutual-funds
AGT,investment-trusts-mutual-funds
AGZ,investment-trusts-mutual-funds
AIA,investment-trusts-mutual-funds
AMJ,investment-trusts-mutual-funds
AMND,investment-trusts-mutual-funds
ANEW,investment-trusts-mutual-funds
ANGL,investment-trusts-mutual-funds
AOA,investment-trusts-mutual-funds
AOK,investment-trusts-mutual-funds
AOM,investment-trusts-mutual-funds
AOR,investment-trusts-mutual-funds
ARKK,investment-trusts-mutual-funds
ATMP,investment-trusts-mutual-funds
AWF,investment-trusts-mutual-funds
BAL,investment-trusts-mutual-funds
BBAX,investment-trusts-mutual-funds
BBCA,investment-trusts-mutual-funds
AEL,life-health-insurance
AFL,life-health-insurance
BHF,life-health-insurance
BHFA,life-health-insurance
CIA,life-health-insurance
CLOV,life-health-insurance
EHTH,life-health-insurance
EIG,life-health-insurance
GL,life-health-insurance
GNW,life-health-insurance
LFC,life-health-insurance
LNC,life-health-insurance
MET,life-health-insurance
MFC,life-health-insurance
PRI,life-health-insurance
PRS,life-health-insurance
PRU,life-health-insurance
RGA,life-health-insurance
RZB,life-health-insurance
UNM,life-health-insurance
UNMA,life-health-insurance
VOYA,life-health-insurance
ALRS,major-banks
AVAL,major-banks
BAC,major-banks
BBD,major-banks
BBDO,major-banks
BBVA,major-banks
BCS,major-banks
BK,major-banks
BMO,major-banks
BNS,major-banks
CADE,major-banks
CASH,major-banks
CM,major-banks
CMA,major-banks
COF,major-banks
CS,major-banks
ESQ,major-banks
FBMS,major-banks
HOPE,major-banks
HSBC,major-banks
ING,major-banks
ITUB,major-banks
JPM,major-banks
KEY,major-banks
LYG,major-banks
MCB,major-banks
MFG,major-banks
MUFG,major-banks
NWG,major-banks
PNC,major-banks
PRK,major-banks
RF,major-banks
RY,major-banks
SAN,major-banks
SFNC,major-banks
SMFG,major-banks
SUPV,major-banks
TD,major-banks
UBS,major-banks
USB,major-banks
WF,major-banks
WFC,major-banks
ZION,major-banks
ATUS,major-telecommunications
BCE,major-telecommunications
CHT,major-telecommunications
FYBR,major-telecommunications
KT,major-telecommunications
ORAN,major-telecommunications
SHEN,major-telecommunications
SJR,major-telecommunications
T  A,major-telecommunications
TEO,major-telecommunications
TLK,major-telecommunications
TU,major-telecommunications
TV,major-telecommunications
VIV,major-telecommunications
VZ,major-telecommunications
WOW,major-telecommunications
BHG,managed-health-care
CI,managed-health-care
CNC,managed-health-care
HUM,managed-health-care
MOH,managed-health-care
OSCR,managed-health-care
UNH,managed-health-care
CMRE,marine-shipping
CPLP,marine-shipping
CTRM,marine-shipping
DAC,marine-shipping
DHT,marine-shipping
DSX,marine-shipping
EDRY,marine-shipping
EGLE,marine-shipping
ESEA,marine-shipping
EURN,marine-shipping
FRO,marine-shipping
GLBS,marine-shipping
GLNG,marine-shipping
GLOP,marine-shipping
GNK,marine-shipping
GOGL,marine-shipping
GRIN,marine-shipping
GSL,marine-shipping
HMLP,marine-shipping
IMPP,marine-shipping
INSW,marine-shipping
KEX,marine-shipping
KNOP,marine-shipping
LPG,marine-shipping
MATX,marine-shipping
NM,marine-shipping
NM/P,marine-shipping
NMM,marine-shipping
OP,marine-shipping
PXS,marine-shipping
SB,marine-shipping
SBLK,marine-shipping
SFL,marine-shipping
SGLY,marine-shipping
SHIP,marine-shipping
STNG,marine-shipping
TK,marine-shipping
TNK,marine-shipping
TNP,marine-shipping
TOPS,marine-shipping
TRMD,marine-shipping
ZIM,marine-shipping
EDR,media-conglomerates
GMBL,media-conglomerates
MSGE,media-conglomerates
ABC,medical-distributors
CAH,medical-distributors
HLF,medical-distributors
HSIC,medical-distributors
JWEL,medical-distributors
MCK,medical-distributors
MYO,medical-distributors
OMI,medical-distributors
PDCO,medical-distributors
YI,medical-distributors
ABMD,medical-specialties
ABT,medical-specialties
AEMD,medical-specialties
AFIB,medical-specialties
AHPI,medical-specialties
AIRS,medical-specialties
ALC,medical-specialties
ALGN,medical-specialties
ANGO,medical-specialties
APEN,medical-specialties
ARAY,medical-specialties
ATEC,medical-specialties
ATRC,medical-specialties
ATRI,medical-specialties
AVGR,medical-specialties
AVNS,medical-specialties
AXDX,medical-specialties
AXGN,medical-specialties
AXNX,medical-specialties
BAX,medical-specialties
BDX,medical-specialties
BEAT,medical-specialties
BFLY,medical-specialties
BIO,medical-specialties
BIO.,medical-specialties
BIOL,medical-specialties
BJDX,medical-specialties
BLCO,medical-specialties
BMRA,medical-specialties
BRKR,medical-specialties
BSGM,medical-specialties
BSX,medical-specialties
CDNA,medical-specialties
CERS,medical-specialties
CFMS,medical-specialties
CHEK,medical-specialties
CLDX,medical-specialties
CLPT,medical-specialties
CNMD,medical-specialties
COO,medical-specialties
CTKB,medical-specialties
DHR,medical-specialties
DMTK,medical-specialties
DXCM,medical-specialties
EAR,medical-specialties
ECOR,medical-specialties
EMBC,medical-specialties
EW,medical-specialties
EYES,medical-specialties
FNA,medical-specialties
GKOS,medical-specialties
GMAB,medical-specialties
GMED,medical-specialties
HAE,medical-specialties
HLTH,medical-specialties
HOLX,medical-specialties
IART,medical-specialties
ICCM,medical-specialties
ICUI,medical-specialties
IDXX,medical-specialties
IINN,medical-specialties
INGN,medical-specialties
INMD,medical-specialties
INSP,medical-specialties
IRMD,medical-specialties
IRTC,medical-specialties
ISRG,medical-specialties
IVC,medical-specialties
KRMD,medical-specialties
LAB,medical-specialties
LHDX,medical-specialties
LIVN,medical-specialties
LNTH,medical-specialties
LUCD,medical-specialties
MASI,medical-specialties
MDGS,medical-specialties
MDT,medical-specialties
MMSI,medical-specialties
MODD,medical-specialties
MTD,medical-specialties
NAOV,medical-specialties
NARI,medical-specialties
NEOG,medical-specialties
NMRD,medical-specialties
NNOX,medical-specialties
NSPR,medical-specialties
NSYS,medical-specialties
NTRB,medical-specialties
NURO,medical-specialties
NUVA,medical-specialties
NUWE,medical-specialties
NVCR,medical-specialties
NVNO,medical-specialties
NVRO,medical-specialties
NVST,medical-specialties
NYXH,medical-specialties
OFIX,medical-specialties
OM,medical-specialties
OSUR,medical-specialties
PAVM,medical-specialties
PEN,medical-specialties
PETV,medical-specialties
PHG,medical-specialties
ACHC,medical-nursing-services
AGL,medical-nursing-services
AMED,medical-nursing-services
APTX,medical-nursing-services
ATIP,medical-nursing-services
AZTA,medical-nursing-services
BBLN,medical-nursing-services
BDSX,medical-nursing-services
BIOC,medical-nursing-services
BIOR,medical-nursing-services
CANO,medical-nursing-services
CO,medical-nursing-services
CRDF,medical-nursing-services
CSTL,medical-nursing-services
DCGO,medical-nursing-services
DNA,medical-nursing-services
DVA,medical-nursing-services
ENSG,medical-nursing-services
FLGT,medical-nursing-services
FMS,medical-nursing-services
FNCH,medical-nursing-services
GBS,medical-nursing-services
GH,medical-nursing-services
GHSI,medical-nursing-services
LFST,medical-nursing-services
LHCG,medical-nursing-services
MD,medical-nursing-services
NEO,medical-nursing-services
NTRA,medical-nursing-services
NUTX,medical-nursing-services
NVTA,medical-nursing-services
ONEM,medical-nursing-services
OPCH,medical-nursing-services
OSH,medical-nursing-services
OTRK,medical-nursing-services
SBEV,medical-nursing-services
SDC,medical-nursing-services
SMFR,medical-nursing-services
TALK,medical-nursing-services
TOI,medical-nursing-services
UPH,medical-nursing-services
USPH,medical-nursing-services
MATW,metal-fabrication
MLI,metal-fabrication
ROCK,metal-fabrication
ROLL,metal-fabrication
SGBX,metal-fabrication
SIM,metal-fabrication
TKR,metal-fabrication
UAMY,metal-fabrication
VMI,metal-fabrication
WIRE,metal-fabrication
XMTR,metal-fabrication
BVH,miscellaneous
CCNC,miscellaneous
LMB,miscellaneous
PANL,miscellaneous
PRPL,miscellaneous
ROSE,miscellaneous
AACG,miscellaneous-commercial-services
ABM,miscellaneous-commercial-services
ABSI,miscellaneous-commercial-services
ADT,miscellaneous-commercial-services
AESE,miscellaneous-commercial-services
AIU,miscellaneous-commercial-services
ALJJ,miscellaneous-commercial-services
ALXO,miscellaneous-commercial-services
AREB,miscellaneous-commercial-services
ASXC,miscellaneous-commercial-services
ATOM,miscellaneous-commercial-services
BAH,miscellaneous-commercial-services
BBU,miscellaneous-commercial-services
BCO,miscellaneous-commercial-services
BEDU,miscellaneous-commercial-services
BFAM,miscellaneous-commercial-services
BKKT,miscellaneous-commercial-services
BTBT,miscellaneous-commercial-services
BV,miscellaneous-commercial-services
CAE,miscellaneous-commercial-services
CELU,miscellaneous-commercial-services
CHGG,miscellaneous-commercial-services
CLEU,miscellaneous-commercial-services
CNDT,miscellaneous-commercial-services
CNTG,miscellaneous-commercial-services
CNXC,miscellaneous-commercial-services
CPRT,miscellaneous-commercial-services
CRL,miscellaneous-commercial-services
CSTM,miscellaneous-commercial-services
DNAY,miscellaneous-commercial-services
DTSS,miscellaneous-commercial-services
EFX,miscellaneous-commercial-services
EVGN,miscellaneous-commercial-services
EVH,miscellaneous-commercial-services
EVOP,miscellaneous-commercial-services
EXAI,miscellaneous-commercial-services
FCN,miscellaneous-commercial-services
FLT,miscellaneous-commercial-services
FOUR,miscellaneous-commercial-services
FRG,miscellaneous-commercial-services
GDOT,miscellaneous-commercial-services
GIB,miscellaneous-commercial-services
GOTU,miscellaneous-commercial-services
HCSG,miscellaneous-commercial-services
HRT,miscellaneous-commercial-services
ICFI,miscellaneous-commercial-services
III,miscellaneous-commercial-services
ISPC,miscellaneous-commercial-services
KAR,miscellaneous-commercial-services
KPLT,miscellaneous-commercial-services
LAUR,miscellaneous-commercial-services
LFG,miscellaneous-commercial-services
LINC,miscellaneous-commercial-services
LMFA,miscellaneous-commercial-services
LOPE,miscellaneous-commercial-services
LTBR,miscellaneous-commercial-services
LZ,miscellaneous-commercial-services
MA,miscellaneous-commercial-services
MCG,miscellaneous-commercial-services
MEDP,miscellaneous-commercial-services
MEDS,miscellaneous-commercial-services
MEG,miscellaneous-commercial-services
METX,miscellaneous-commercial-services
MGI,miscellaneous-commercial-services
MMS,miscellaneous-commercial-services
MRVI,miscellaneous-commercial-services
NEWT,miscellaneous-commercial-services
OMEX,miscellaneous-commercial-services
OPGN,miscellaneous-commercial-services
PAGS,miscellaneous-commercial-services
PAY,miscellaneous-commercial-services
PAYO,miscellaneous-commercial-services
PAYS,miscellaneous-commercial-services
PFMT,miscellaneous-commercial-services
PGNY,miscellaneous-commercial-services
PHAR,miscellaneous-commercial-services
PRAA,miscellaneous-commercial-services
PSFE,miscellaneous-commercial-services
PYPL,miscellaneous-commercial-services
REKR,miscellaneous-commercial-services
RELX,miscellaneous-commercial-services
RELY,miscellaneous-commercial-services
SCOR,miscellaneous-commercial-services
SGRP,miscellaneous-commercial-services
SLRX,miscellaneous-commercial-services
SNPO,miscellaneous-commercial-services
SP,miscellaneous-commercial-services
SRT,miscellaneous-commercial-services
STGW,miscellaneous-commercial-services
SYNH,miscellaneous-commercial-services
TAL,miscellaneous-commercial-services
TASK,miscellaneous-commercial-services
TISI,miscellaneous-commercial-services
TLS,miscellaneous-commercial-services
TNET,miscellaneous-commercial-services
TWKS,miscellaneous-commercial-services
UGRO,miscellaneous-commercial-services
USIO,miscellaneous-commercial-services
UTI,miscellaneous-commercial-services
BRC,miscellaneous-manufacturing
CPSH,miscellaneous-manufacturing
LCII,miscellaneous-manufacturing
PNR,miscellaneous-manufacturing
SWIM,miscellaneous-manufacturing
TRS,miscellaneous-manufacturing
TUP,miscellaneous-manufacturing
WMS,miscellaneous-manufacturing
YETI,miscellaneous-manufacturing
ARVL,motor-vehicles
CENN,motor-vehicles
DPRO,motor-vehicles
FFIE,motor-vehicles
FSR,motor-vehicles
FUV,motor-vehicles
GM,motor-vehicles
GOEV,motor-vehicles
GP,motor-vehicles
HMC,motor-vehicles
HOG,motor-vehicles
HYZN,motor-vehicles
KNDI,motor-vehicles
LCID,motor-vehicles
LEV,motor-vehicles
LI,motor-vehicles
NIO,motor-vehicles
NIU,motor-vehicles
NKLA,motor-vehicles
OSK,motor-vehicles
PTRA,motor-vehicles
RACE,motor-vehicles
REVG,motor-vehicles
RIDE,motor-vehicles
RIVN,motor-vehicles
SEV,motor-vehicles
SOLO,motor-vehicles
STLA,motor-vehicles
TM,motor-vehicles
TSLA,motor-vehicles
TSP,motor-vehicles
TTM,motor-vehicles
VLCN,motor-vehicles
XOS,motor-vehicles
XPEV,motor-vehicles
ZEV,motor-vehicles
AMC,movies-entertainment
BATR,movies-entertainment
BOWL,movies-entertainment
CDRO,movies-entertainment
CIDM,movies-entertainment
CNK,movies-entertainment
CURI,movies-entertainment
DKNG,movies-entertainment
DLPN,movies-entertainment
DS,movies-entertainment
EMWP,movies-entertainment
FUN,movies-entertainment
FWON,movies-entertainment
GNUS,movies-entertainment
HOFV,movies-entertainment
LGF.,movies-entertainment
LSXM,movies-entertainment
LTRY,movies-entertainment
LYV,movies-entertainment
MANU,movies-entertainment
MSGS,movies-entertainment
PLAY,movies-entertainment
RDBX,movies-entertainment
SEAS,movies-entertainment
SIX,movies-entertainment
WWE,movies-entertainment
ACGL,multi-line-insurance
AEG,multi-line-insurance
AIG,multi-line-insurance
AIZ,multi-line-insurance
ARGD,multi-line-insurance
ARGO,multi-line-insurance
AXS,multi-line-insurance
BRK.,multi-line-insurance
BRP,multi-line-insurance
CNA,multi-line-insurance
CNO,multi-line-insurance
FANH,multi-line-insurance
HIG,multi-line-insurance
HMN,multi-line-insurance
KMPR,multi-line-insurance
KNSL,multi-line-insurance
PUK,multi-line-insurance
SLF,multi-line-insurance
SLQT,multi-line-insurance
TRUP,multi-line-insurance
TRV,multi-line-insurance
WTM,multi-line-insurance
HNI,office-equipment-supplies
JCI,office-equipment-supplies
MLKN,office-equipment-supplies
SCS,office-equipment-supplies
AM,oil-gas-pipelines
CEQP,oil-gas-pipelines
CQP,oil-gas-pipelines
DCP,oil-gas-pipelines
DTM,oil-gas-pipelines
ENB,oil-gas-pipelines
ENBA,oil-gas-pipelines
ENLC,oil-gas-pipelines
EPD,oil-gas-pipelines
ET,oil-gas-pipelines
ETRN,oil-gas-pipelines
HEP,oil-gas-pipelines
KMI,oil-gas-pipelines
KNTK,oil-gas-pipelines
LNG,oil-gas-pipelines
MMP,oil-gas-pipelines
MPLX,oil-gas-pipelines
NAT,oil-gas-pipelines
NGL,oil-gas-pipelines
OKE,oil-gas-pipelines
PAA,oil-gas-pipelines
PAGP,oil-gas-pipelines
PBA,oil-gas-pipelines
RTLR,oil-gas-pipelines
SHLX,oil-gas-pipelines
TRP,oil-gas-pipelines
WMB,oil-gas-pipelines
AR,oil-gas-production
BATL,oil-gas-production
BRY,oil-gas-production
CEI,oil-gas-production
CLR,oil-gas-production
CNQ,oil-gas-production
COP,oil-gas-production
CPE,oil-gas-production
CPG,oil-gas-production
CRC,oil-gas-production
CRK,oil-gas-production
DVN,oil-gas-production
EGY,oil-gas-production
ENSV,oil-gas-production
EOG,oil-gas-production
EPM,oil-gas-production
EQT,oil-gas-production
ERF,oil-gas-production
FANG,oil-gas-production
FLNG,oil-gas-production
GPRK,oil-gas-production
GTE,oil-gas-production
HES,oil-gas-production
HUSA,oil-gas-production
KLXE,oil-gas-production
KOS,oil-gas-production
LPI,oil-gas-production
MARP,oil-gas-production
MGY,oil-gas-production
MRO,oil-gas-production
MTDR,oil-gas-production
MUR,oil-gas-production
MXC,oil-gas-production
NEXT,oil-gas-production
NOG,oil-gas-production
OAS,oil-gas-production
OBE,oil-gas-production
OVV,oil-gas-production
OXY,oil-gas-production
PDCE,oil-gas-production
PHX,oil-gas-production
PXD,oil-gas-production
ROCC,oil-gas-production
RRC,oil-gas-production
SBOW,oil-gas-production
SD,oil-gas-production
SM,oil-gas-production
SWN,oil-gas-production
TALO,oil-gas-production
TGA,oil-gas-production
USEG,oil-gas-production
VET,oil-gas-production
VIST,oil-gas-production
VOC,oil-gas-production
WDS,oil-gas-production
WLL,oil-gas-production
WTI,oil-gas-production
CVI,oil-refining-marketing
DK,oil-refining-marketing
MPC,oil-refining-marketing
PBF,oil-refining-marketing
PSX,oil-refining-marketing
TGS,oil-refining-marketing
TRGP,oil-refining-marketing
VLO,oil-refining-marketing
WES,oil-refining-marketing
AROC,oilfield-services-equipment
BKR,oilfield-services-equipment
BOOM,oilfield-services-equipment
CLB,oilfield-services-equipment
DRQ,oilfield-services-equipment
ENG,oilfield-services-equipment
EXTN,oilfield-services-equipment
FET,oilfield-services-equipment
FTI,oilfield-services-equipment
FTK,oilfield-services-equipment
HAL,oilfield-services-equipment
HLX,oilfield-services-equipment
LBRT,oilfield-services-equipment
MIND,oilfield-services-equipment
NEX,oilfield-services-equipment
NOV,oilfield-services-equipment
NR,oilfield-services-equipment
OII,oilfield-services-equipment
OIS,oilfield-services-equipment
PED,oilfield-services-equipment
PFHC,oilfield-services-equipment
PUMP,oilfield-services-equipment
RES,oilfield-services-equipment
SDPI,oilfield-services-equipment
SLB,oilfield-services-equipment
SOI,oilfield-services-equipment
TDW,oilfield-services-equipment
TTI,oilfield-services-equipment
TUSK,oilfield-services-equipment
USAC,oilfield-services-equipment
USWS,oilfield-services-equipment
WFRD,oilfield-services-equipment
WHD,oilfield-services-equipment
XPRO,oilfield-services-equipment
ABNB,other-consumer-services
AGTI,other-consumer-services
APEI,other-consumer-services
ATGE,other-consumer-services
BKNG,other-consumer-services
BLNK,other-consumer-services
BODY,other-consumer-services
CSV,other-consumer-services
CTAS,other-consumer-services
DESP,other-consumer-services
DRVN,other-consumer-services
EDU,other-consumer-services
EJH,other-consumer-services
EWCZ,other-consumer-services
EXPE,other-consumer-services
FLUX,other-consumer-services
FXLV,other-consumer-services
GHC,other-consumer-services
HRB,other-consumer-services
ISPO,other-consumer-services
LIND,other-consumer-services
LQDT,other-consumer-services
LRN,other-consumer-services
LTH,other-consumer-services
MCW,other-consumer-services
MED,other-consumer-services
OSW,other-consumer-services
PLBY,other-consumer-services
PLNT,other-consumer-services
PRDO,other-consumer-services
PTON,other-consumer-services
RGS,other-consumer-services
ROL,other-consumer-services
SCI,other-consumer-services
STON,other-consumer-services
STRA,other-consumer-services
TA,other-consumer-services
TCOM,other-consumer-services
TMX,other-consumer-services
TRIP,other-consumer-services
UNF,other-consumer-services
VAC,other-consumer-services
WW,other-consumer-services
XPOF,other-consumer-services
XSPA,other-consumer-services
YCBD,other-consumer-services
ASPU,other-consumer-specialties
CTHR,other-consumer-specialties
FORD,other-consumer-specialties
FOSL,other-consumer-specialties
MOV,other-consumer-specialties
MSA,other-consumer-specialties
ZEPP,other-consumer-specialties
AQMS,other-metals-minerals
AXU,other-metals-minerals
CCJ,other-metals-minerals
DNN,other-metals-minerals
ERO,other-metals-minerals
FCX,other-metals-minerals
FURY,other-metals-minerals
GROY,other-metals-minerals
HBM,other-metals-minerals
IPI,other-metals-minerals
LEU,other-metals-minerals
LGO,other-metals-minerals
LODE,other-metals-minerals
MP,other-metals-minerals
NAK,other-metals-minerals
NEXA,other-metals-minerals
NMG,other-metals-minerals
NXE,other-metals-minerals
PLM,other-metals-minerals
RETO,other-metals-minerals
RIO,other-metals-minerals
SCCO,other-metals-minerals
SGML,other-metals-minerals
SLCA,other-metals-minerals
TMC,other-metals-minerals
TRQ,other-metals-minerals
UEC,other-metals-minerals
URG,other-metals-minerals
UROY,other-metals-minerals
USAS,other-metals-minerals
UUUU,other-metals-minerals
WRN,other-metals-minerals
WWR,other-metals-minerals
XPL,other-metals-minerals
ASR,other-transportation
BRDS,other-transportation
CAAP,other-transportation
GRAB,other-transportation
HLBZ,other-transportation
LYFT,other-transportation
OMAB,other-transportation
PAC,other-transportation
UBER,other-transportation
VNT,other-transportation
VRRM,other-transportation
ACIW,packaged-software
ADBE,packaged-software
ADSK,packaged-software
AERC,packaged-software
AGIL,packaged-software
AHI,packaged-software
AI,packaged-software
ALF,packaged-software
ALKT,packaged-software
ALTR,packaged-software
AMPL,packaged-software
AMST,packaged-software
ANSS,packaged-software
APCX,packaged-software
APP,packaged-software
APPN,packaged-software
APPS,packaged-software
ARQQ,packaged-software
ASAN,packaged-software
AUR,packaged-software
AUUD,packaged-software
AVDX,packaged-software
AVID,packaged-software
AVLR,packaged-software
AYX,packaged-software
AZPN,packaged-software
BAND,packaged-software
BASE,packaged-software
BB,packaged-software
BBAI,packaged-software
BIGC,packaged-software
BILI,packaged-software
BILL,packaged-software
BKI,packaged-software
BKSY,packaged-software
BL,packaged-software
BLBX,packaged-software
BLI,packaged-software
BLKB,packaged-software
BMBL,packaged-software
BMTX,packaged-software
BNFT,packaged-software
BRAG,packaged-software
BSQR,packaged-software
BSY,packaged-software
BTCY,packaged-software
CANG,packaged-software
CASA,packaged-software
CDAY,packaged-software
CDK,packaged-software
CDNS,packaged-software
CERT,packaged-software
CFLT,packaged-software
CGNT,packaged-software
CHNG,packaged-software
COIN,packaged-software
COMP,packaged-software
COUP,packaged-software
CREX,packaged-software
CRM,packaged-software
CRNC,packaged-software
CRSR,packaged-software
CRWD,packaged-software
CTXS,packaged-software
CVET,packaged-software
CVLT,packaged-software
CVT,packaged-software
CXM,packaged-software
CYBR,packaged-software
CYN,packaged-software
CYRN,packaged-software
DATS,packaged-software
DCBO,packaged-software
DCT,packaged-software
DDOG,packaged-software
DFIN,packaged-software
DH,packaged-software
DLB,packaged-software
DLO,packaged-software
DNB,packaged-software
DOCN,packaged-software
DOCU,packaged-software
DOMO,packaged-software
DOYU,packaged-software
DSP,packaged-software
DT,packaged-software
DUOL,packaged-software
DV,packaged-software
EB,packaged-software
EBIX,packaged-software
ECOM,packaged-software
EGHT,packaged-software
EH,packaged-software
EMBK,packaged-software
ENFN,packaged-software
ENV,packaged-software
ESTC,packaged-software
ETWO,packaged-software
EVBG,packaged-software
EXFY,packaged-software
EZFL,packaged-software
FICO,packaged-software
FLYW,packaged-software
FORG,packaged-software
FROG,packaged-software
FRSH,packaged-software
FTCI,packaged-software
GAMB,packaged-software
GAN,packaged-software
GBOX,packaged-software
GENI,packaged-software
GREE,packaged-software
GTLB,packaged-software
GTYH,packaged-software
HCAT,packaged-software
HCP,packaged-software
HOOD,packaged-software
HUYA,packaged-software
AMN,personnel-services
ASGN,personnel-services
CCRN,personnel-services
DLHC,personnel-services
JOB,personnel-services
KELY,personnel-services
KFY,personnel-services
MAN,personnel-services
NSP,personnel-services
PIXY,personnel-services
PRFT,personnel-services
RCRT,personnel-services
RHI,personnel-services
TSRI,personnel-services
TEVA,pharmaceuticals-generic
ABBV,pharmaceuticals-major
ABEO,pharmaceuticals-major
ABIO,pharmaceuticals-major
ABUS,pharmaceuticals-major
ABVC,pharmaceuticals-major
ACAD,pharmaceuticals-major
ACER,pharmaceuticals-major
ACET,pharmaceuticals-major
ACHV,pharmaceuticals-major
ACIU,pharmaceuticals-major
ACOR,pharmaceuticals-major
ACRS,pharmaceuticals-major
ACRX,pharmaceuticals-major
ACST,pharmaceuticals-major
ADMP,pharmaceuticals-major
ADXN,pharmaceuticals-major
AERI,pharmaceuticals-major
AFMD,pharmaceuticals-major
AGE,pharmaceuticals-major
AGIO,pharmaceuticals-major
AGRX,pharmaceuticals-major
AGTC,pharmaceuticals-major
AIM,pharmaceuticals-major
AKBA,pharmaceuticals-major
ALBO,pharmaceuticals-major
ALGS,pharmaceuticals-major
ALKS,pharmaceuticals-major
ALLK,pharmaceuticals-major
ALLR,pharmaceuticals-major
ALNA,pharmaceuticals-major
ALNY,pharmaceuticals-major
ALZN,pharmaceuticals-major
AMLX,pharmaceuticals-major
AMPE,pharmaceuticals-major
AMPH,pharmaceuticals-major
AMRX,pharmaceuticals-major
ANGN,pharmaceuticals-major
ANVS,pharmaceuticals-major
APLS,pharmaceuticals-major
APLT,pharmaceuticals-major
APM,pharmaceuticals-major
APRE,pharmaceuticals-major
AQST,pharmaceuticals-major
ARCT,pharmaceuticals-major
ARDS,pharmaceuticals-major
ARDX,pharmaceuticals-major
ARTL,pharmaceuticals-major
ASMB,pharmaceuticals-major
ASND,pharmaceuticals-major
ASRT,pharmaceuticals-major
ATAI,pharmaceuticals-major
ATNF,pharmaceuticals-major
ATNM,pharmaceuticals-major
ATNX,pharmaceuticals-major
ATXI,pharmaceuticals-major
AVDL,pharmaceuticals-major
AVEO,pharmaceuticals-major
AVIR,pharmaceuticals-major
AYLA,pharmaceuticals-major
AYTU,pharmaceuticals-major
AZN,pharmaceuticals-major
BBI,pharmaceuticals-major
BBLG,pharmaceuticals-major
BFRI,pharmaceuticals-major
BGNE,pharmaceuticals-major
BHC,pharmaceuticals-major
BHVN,pharmaceuticals-major
BLPH,pharmaceuticals-major
BLU,pharmaceuticals-major
BMY,pharmaceuticals-major
BOLT,pharmaceuticals-major
BTX,pharmaceuticals-major
BXRX,pharmaceuticals-major
BYSI,pharmaceuticals-major
CAPR,pharmaceuticals-major
CASI,pharmaceuticals-major
CCXI,pharmaceuticals-major
CEMI,pharmaceuticals-major
CERE,pharmaceuticals-major
CGEM,pharmaceuticals-major
CINC,pharmaceuticals-major
CING,pharmaceuticals-major
CKPT,pharmaceuticals-major
CLNN,pharmaceuticals-major
CLSD,pharmaceuticals-major
CLVS,pharmaceuticals-major
CMRX,pharmaceuticals-major
CNCE,pharmaceuticals-major
CNSP,pharmaceuticals-major
CNTX,pharmaceuticals-major
COCP,pharmaceuticals-major
COLL,pharmaceuticals-major
CORT,pharmaceuticals-major
CPIX,pharmaceuticals-major
CPRX,pharmaceuticals-major
CRBP,pharmaceuticals-major
CRVS,pharmaceuticals-major
CRXT,pharmaceuticals-major
CTIC,pharmaceuticals-major
CTLT,pharmaceuticals-major
CTMX,pharmaceuticals-major
CTXR,pharmaceuticals-major
CVAC,pharmaceuticals-major
CYBN,pharmaceuticals-major
CYCN,pharmaceuticals-major
CYTK,pharmaceuticals-major
DARE,pharmaceuticals-major
DERM,pharmaceuticals-major
DFFN,pharmaceuticals-major
DMAC,pharmaceuticals-major
DRMA,pharmaceuticals-major
EBS,pharmaceuticals-major
EDSA,pharmaceuticals-major
AMRN,pharmaceuticals-other
ARGX,pharmaceuticals-other
ATOS,pharmaceuticals-other
BGXX,pharmaceuticals-other
BVXV,pharmaceuticals-other
CDTX,pharmaceuticals-other
CLVR,pharmaceuticals-other
ENVB,pharmaceuticals-other
EVOK,pharmaceuticals-other
FLGC,pharmaceuticals-other
GRVI,pharmaceuticals-other
HAPP,pharmaceuticals-other
IBIO,pharmaceuticals-other
ICLR,pharmaceuticals-other
IMCC,pharmaceuticals-other
INM,pharmaceuticals-other
ISR,pharmaceuticals-other
LFVN,pharmaceuticals-other
MTP,pharmaceuticals-other
PMCB,pharmaceuticals-other
QLGN,pharmaceuticals-other
RVMD,pharmaceuticals-other
SCPS,pharmaceuticals-other
SMFL,pharmaceuticals-other
USNA,pharmaceuticals-other
AAU,precious-metals
AEM,precious-metals
AG,precious-metals
AGI,precious-metals
ASM,precious-metals
AU,precious-metals
AUMN,precious-metals
AUY,precious-metals
BTG,precious-metals
BVN,precious-metals
CDE,precious-metals
CGAU,precious-metals
DRD,precious-metals
EGO,precious-metals
EQX,precious-metals
EXK,precious-metals
FNV,precious-metals
FSM,precious-metals
GATO,precious-metals
GFI,precious-metals
GLDG,precious-metals
GOLD,precious-metals
GORO,precious-metals
GPL,precious-metals
HL,precious-metals
HMY,precious-metals
HYMC,precious-metals
IAG,precious-metals
IAUX,precious-metals
KGC,precious-metals
MAG,precious-metals
MUX,precious-metals
NEM,precious-metals
NFGC,precious-metals
NG,precious-metals
NGD,precious-metals
NXPL,precious-metals
OR,precious-metals
ORLA,precious-metals
PAAS,precious-metals
PLG,precious-metals
RGLD,precious-metals
SA,precious-metals
SAND,precious-metals
SBSW,precious-metals
SILV,precious-metals
SMTS,precious-metals
SSRM,precious-metals
SVM,precious-metals
TGB,precious-metals
THM,precious-metals
TRX,precious-metals
USAU,precious-metals
VGZ,precious-metals
WPM,precious-metals
AFG,property-casualty-insurance
ALL,property-casualty-insurance
CB,property-casualty-insurance
CINF,property-casualty-insurance
ERIE,property-casualty-insurance
FGF,property-casualty-insurance
FNHC,property-casualty-insurance
HCI,property-casualty-insurance
JRVR,property-casualty-insurance
LMND,property-casualty-insurance
MCY,property-casualty-insurance
MILE,property-casualty-insurance
NMIH,property-casualty-insurance
ORI,property-casualty-insurance
OXBR,property-casualty-insurance
PGR,property-casualty-insurance
PLMR,property-casualty-insurance
RE,property-casualty-insurance
RLI,property-casualty-insurance
RNR,property-casualty-insurance
SAFT,property-casualty-insurance
SIGI,property-casualty-insurance
THG,property-casualty-insurance
UVE,property-casualty-insurance
WRB,property-casualty-insurance
Y  A,property-casualty-insurance
PSO,publishing-books-magazines
SCHL,publishing-books-magazines
WLY,publishing-books-magazines
WLYB,publishing-books-magazines
DJCO,publishing-newspapers
GCI,publishing-newspapers
LEE,publishing-newspapers
NWS,publishing-newspapers
NWSA,publishing-newspapers
NYT,publishing-newspapers
ITP,pulp-paper
MERC,pulp-paper
RFP,pulp-paper
SLVM,pulp-paper
SUZ,pulp-paper
CNI,railroads
CP,railroads
CSX,railroads
GATX,railroads
NSC,railroads
UNP,railroads
AEI,real-estate-development
AXR,real-estate-development
CBRE,real-estate-development
CIGI,real-estate-development
CWK,real-estate-development
FSV,real-estate-development
GBR,real-estate-development
HCDI,real-estate-development
HGV,real-estate-development
HHC,real-estate-development
HOUS,real-estate-development
IRS,real-estate-development
JLL,real-estate-development
JOE,real-estate-development
KW,real-estate-development
MDJH,real-estate-development
MMI,real-estate-development
NMRK,real-estate-development
OZ,real-estate-development
RADI,real-estate-development
RDFN,real-estate-development
REAX,real-estate-development
RFL,real-estate-development
RMR,real-estate-development
SKYH,real-estate-development
TCN,real-estate-development
UK,real-estate-development
VCSA,real-estate-development
VINO,real-estate-development
AGNC,real-estate-investment-trusts
AMT,real-estate-investment-trusts
CCI,real-estate-investment-trusts
CMTG,real-estate-investment-trusts
DRE,real-estate-investment-trusts
EQIX,real-estate-investment-trusts
FRT,real-estate-investment-trusts
GEO,real-estate-investment-trusts
GRP.,real-estate-investment-trusts
IIPR,real-estate-investment-trusts
NLY,real-estate-investment-trusts
O  R,real-estate-investment-trusts
AOUT,recreational-products
ATVI,recreational-products
BC,recreational-products
BHAT,recreational-products
DOOO,recreational-products
EA,recreational-products
ELY,recreational-products
FNKO,recreational-products
FOXF,recreational-products
GOLF,recreational-products
HAS,recreational-products
HAYW,recreational-products
JAKK,recreational-products
MAT,recreational-products
MBUU,recreational-products
NLS,recreational-products
PII,recreational-products
RGR,recreational-products
THO,recreational-products
TTWO,recreational-products
VMAR,recreational-products
VSTO,recreational-products
WGO,recreational-products
ABCB,regional-banks
ALLY,regional-banks
ASB,regional-banks
BANF,regional-banks
BANR,regional-banks
BAP,regional-banks
BCH,regional-banks
BFH,regional-banks
BHLB,regional-banks
BKU,regional-banks
BMA,regional-banks
BOH,regional-banks
BOKF,regional-banks
BPOP,regional-banks
BSAC,regional-banks
BSBR,regional-banks
BSMX,regional-banks
BTCS,regional-banks
BUSE,regional-banks
CARE,regional-banks
CATY,regional-banks
CBSH,regional-banks
CBU,regional-banks
CCB,regional-banks
CFG,regional-banks
CFR,regional-banks
CIB,regional-banks
COLB,regional-banks
CUBI,regional-banks
CVBF,regional-banks
EBC,regional-banks
EGBN,regional-banks
EVTC,regional-banks
EWBC,regional-banks
FBP,regional-banks
FCF,regional-banks
FCNC,regional-banks
FFBC,regional-banks
FFIN,regional-banks
FHB,regional-banks
FHN,regional-banks
FIBK,regional-banks
FINW,regional-banks
FISV,regional-banks
FITB,regional-banks
FNB,regional-banks
FRBK,regional-banks
FRC,regional-banks
FRME,regional-banks
FULT,regional-banks
GBCI,regional-banks
GGAL,regional-banks
HBAN,regional-banks
HDB,regional-banks
HOMB,regional-banks
HTH,regional-banks
ARCO,restaurants
ARMK,restaurants
BH,restaurants
BH.A,restaurants
BJRI,restaurants
BLMN,restaurants
BRCC,restaurants
BTBD,restaurants
CAKE,restaurants
CBRL,restaurants
CMG,restaurants
CNNE,restaurants
DENN,restaurants
DIN,restaurants
DPZ,restaurants
DRI,restaurants
EAT,restaurants
FAT,restaurants
FATB,restaurants
GRIL,restaurants
JACK,restaurants
KRUS,restaurants
MCD,restaurants
NATH,restaurants
PTLO,restaurants
PZZA,restaurants
QSR,restaurants
RAVE,restaurants
RICK,restaurants
RRGB,restaurants
RUTH,restaurants
SBUX,restaurants
SG,restaurants
SHAK,restaurants
STKS,restaurants
TXRH,restaurants
WEN,restaurants
WING,restaurants
YUM,restaurants
YUMC,restaurants
AX,savings-banks
BRKL,savings-banks
BYFC,savings-banks
CARV,savings-banks
CFFN,savings-banks
CLBK,savings-banks
FBC,savings-banks
KRNY,savings-banks
NWBI,savings-banks
PFS,savings-banks
SBT,savings-banks
TCBX,savings-banks
TFSL,savings-banks
WAFD,savings-banks
WBS,savings-banks
WSFS,savings-banks
ADI,semiconductors
ADN,semiconductors
AEVA,semiconductors
AIP,semiconductors
ALGM,semiconductors
AMBA,semiconductors
AMD,semiconductors
AMKR,semiconductors
AOSL,semiconductors
ARRY,semiconductors
ASML,semiconductors
ASX,semiconductors
AUID,semiconductors
AVGO,semiconductors
CAN,semiconductors
CCMP,semiconductors
CEVA,semiconductors
COHR,semiconductors
CPTN,semiconductors
CRUS,semiconductors
CSIQ,semiconductors
DIOD,semiconductors
ENPH,semiconductors
ENTG,semiconductors
FN,semiconductors
GFS,semiconductors
ICHR,semiconductors
INDI,semiconductors
INTC,semiconductors
INVE,semiconductors
IPGP,semiconductors
IPWR,semiconductors
JKS,semiconductors
KLAC,semiconductors
KOPN,semiconductors
LIDR,semiconductors
LSCC,semiconductors
MCHP,semiconductors
MMAT,semiconductors
MPWR,semiconductors
MRAM,semiconductors
MRVL,semiconductors
MTSI,semiconductors
MU,semiconductors
MX,semiconductors
MXL,semiconductors
NPTN,semiconductors
NVDA,semiconductors
NVTS,semiconductors
NXPI,semiconductors
ON,semiconductors
OSIS,semiconductors
OUST,semiconductors
POWI,semiconductors
PXLW,semiconductors
QRVO,semiconductors
RKLY,semiconductors
RMBS,semiconductors
SGH,semiconductors
SHLS,semiconductors
SIMO,semiconductors
SITM,semiconductors
SLAB,semiconductors
SMTC,semiconductors
SPI,semiconductors
STM,semiconductors
SWKS,semiconductors
SYNA,semiconductors
TRT,semiconductors
TSEM,semiconductors
TSM,semiconductors
TXN,semiconductors
UCTT,semiconductors
UMC,semiconductors
VLDR,semiconductors
VLN,semiconductors
WISA,semiconductors
XPER,semiconductors
AMEH,services-to-the-health-industry
DGX,services-to-the-health-industry
IQV,services-to-the-health-industry
LH,services-to-the-health-industry
NOTV,services-to-the-health-industry
WTRH,services-to-the-health-industry
AGO,specialty-insurance
DOMA,specialty-insurance
ESNT,specialty-insurance
FAF,specialty-insurance
FNF,specialty-insurance
MKL,specialty-insurance
MTG,specialty-insurance
PRA,specialty-insurance
RDN,specialty-insurance
STC,specialty-insurance
AAN,specialty-stores
AAP,specialty-stores
ABG,specialty-stores
AN,specialty-stores
APRN,specialty-stores
ASO,specialty-stores
AZO,specialty-stores
BBBY,specialty-stores
BBW,specialty-stores
BGFV,specialty-stores
BGI,specialty-stores
BJ,specialty-stores
BNED,specialty-stores
BRLT,specialty-stores
BWMX,specialty-stores
CASY,specialty-stores
CHPT,specialty-stores
CVNA,specialty-stores
CWH,specialty-stores
CZOO,specialty-stores
DKS,specialty-stores
EVGO,specialty-stores
EYE,specialty-stores
GPI,specialty-stores
HIBB,specialty-stores
HITI,specialty-stores
HZO,specialty-stores
IAA,specialty-stores
JZXN,specialty-stores
KIRK,specialty-stores
KMX,specialty-stores
KXIN,specialty-stores
LAD,specialty-stores
LESL,specialty-stores
LL,specialty-stores
LOTZ,specialty-stores
LOVE,specialty-stores
MNRO,specialty-stores
MNSO,specialty-stores
MUSA,specialty-stores
OCG,specialty-stores
ODP,specialty-stores
ONEW,specialty-stores
ORLY,specialty-stores
PAG,specialty-stores
PRTY,specialty-stores
RH,specialty-stores
ROVR,specialty-stores
RUSH,specialty-stores
SBH,specialty-stores
SFT,specialty-stores
SIG,specialty-stores
SPWH,specialty-stores
TCS,specialty-stores
TGT,specialty-stores
TSCO,specialty-stores
UGP,specialty-stores
ULTA,specialty-stores
VLTA,specialty-stores
VRM,specialty-stores
WRBY,specialty-stores
WSM,specialty-stores
CCOI,specialty-telecommunications
CMBM,specialty-telecommunications
IDT,specialty-telecommunications
KLR,specialty-telecommunications
LUMN,specialty-telecommunications
PHI,specialty-telecommunications
SATS,specialty-telecommunications
TEF,specialty-telecommunications
TIXT,specialty-telecommunications
VG,specialty-telecommunications
ATI,steel
BHP,steel
CLF,steel
CMC,steel
CRS,steel
GGB,steel
HUDI,steel
MT,steel
NUE,steel
PKX,steel
RS,steel
SCHN,steel
SID,steel
STLD,steel
TMST,steel
TS,steel
TX,steel
VALE,steel
WOR,steel
X  U,steel
ZEUS,steel
AAPL,telecommunications-equipment
ADTN,telecommunications-equipment
AKTS,telecommunications-equipment
APWC,telecommunications-equipment
AUDC,telecommunications-equipment
AVYA,telecommunications-equipment
CALX,telecommunications-equipment
CAMP,telecommunications-equipment
CIEN,telecommunications-equipment
CLFD,telecommunications-equipment
CLRO,telecommunications-equipment
COMM,telecommunications-equipment
CRNT,telecommunications-equipment
DGLY,telecommunications-equipment
ERIC,telecommunications-equipment
GILT,telecommunications-equipment
GRMN,telecommunications-equipment
HLIT,telecommunications-equipment
IDCC,telecommunications-equipment
INFN,telecommunications-equipment
INSG,telecommunications-equipment
NOK,telecommunications-equipment
OCC,telecommunications-equipment
PL,telecommunications-equipment
POLY,telecommunications-equipment
QCOM,telecommunications-equipment
SIDU,telecommunications-equipment
SONM,telecommunications-equipment
SWIR,telecommunications-equipment
SYTA,telecommunications-equipment
TESS,telecommunications-equipment
UI,telecommunications-equipment
UTME,telecommunications-equipment
UTSI,telecommunications-equipment
VISL,telecommunications-equipment
VOXX,telecommunications-equipment
VSAT,telecommunications-equipment
WATT,telecommunications-equipment
AIN,textiles
JOAN,textiles
BTI,tobacco
MO,tobacco
PM,tobacco
UVV,tobacco
VGR,tobacco
SNA,tools-hardware
SWK,tools-hardware
ARCB,trucking
CVLG,trucking
DSKE,trucking
GPP,trucking
HTLD,trucking
JBHT,trucking
KNX,trucking
LSTR,trucking
MRTN,trucking
ODFL,trucking
PATI,trucking
PTSI,trucking
SAIA,trucking
SNDR,trucking
TFII,trucking
ULH,trucking
USAK,trucking
USX,trucking
WERN,trucking
XPO,trucking
YELL,trucking
YGMZ,trucking
ACA,trucks-construction-farm-machinery
AGCO,trucks-construction-farm-machinery
AGFY,trucks-construction-farm-machinery
BWA,trucks-construction-farm-machinery
CAT,trucks-construction-farm-machinery
CEAD,trucks-construction-farm-machinery
CMCO,trucks-construction-farm-machinery
CMI,trucks-construction-farm-machinery
CNHI,trucks-construction-farm-machinery
DE,trucks-construction-farm-machinery
FSS,trucks-construction-farm-machinery
GBX,trucks-construction-farm-machinery
HYFM,trucks-construction-farm-machinery
PCAR,trucks-construction-farm-machinery
PLOW,trucks-construction-farm-machinery
RAIL,trucks-construction-farm-machinery
SHYF,trucks-construction-farm-machinery
TEX,trucks-construction-farm-machinery
TRN,trucks-construction-farm-machinery
TTC,trucks-construction-farm-machinery
TWI,trucks-construction-farm-machinery
VEV,trucks-construction-farm-machinery
WAB,trucks-construction-farm-machinery
WPRT,trucks-construction-farm-machinery
AWK,water-utilities
AWR,water-utilities
CWT,water-utilities
SBS,water-utilities
SJW,water-utilities
WTRG,water-utilities
AEY,wholesale-distributors
AIT,wholesale-distributors
AMRK,wholesale-distributors
ASLE,wholesale-distributors
BECN,wholesale-distributors
BXC,wholesale-distributors
CHNR,wholesale-distributors
CNM,wholesale-distributors
CRCT,wholesale-distributors
DNOW,wholesale-distributors
DTC,wholesale-distributors
FAST,wholesale-distributors
FERG,wholesale-distributors
GLG,wholesale-distributors
GMS,wholesale-distributors
GNLN,wholesale-distributors
GPC,wholesale-distributors
GRWG,wholesale-distributors
GWW,wholesale-distributors
HDSN,wholesale-distributors
HWKN,wholesale-distributors
INT,wholesale-distributors
KAVL,wholesale-distributors
MRC,wholesale-distributors
MSM,wholesale-distributors
NS,wholesale-distributors
POOL,wholesale-distributors
RBA,wholesale-distributors
SITE,wholesale-distributors
SUN,wholesale-distributors
TITN,wholesale-distributors
UNVR,wholesale-distributors
VRTV,wholesale-distributors
WCC,wholesale-distributors
AMOV,wireless-telecommunications
AMX,wireless-telecommunications
ASTS,wireless-telecommunications
GOGO,wireless-telecommunications
GSAT,wireless-telecommunications
IRDM,wireless-telecommunications
LBRD,wireless-telecommunications
RCI,wireless-telecommunications
SKM,wireless-telecommunications
TDS,wireless-telecommunications
TIGO,wireless-telecommunications
TIMB,wireless-telecommunications
TKC,wireless-telecommunications
TMUS,wireless-telecommunications
USM,wireless-telecommunications
VEON,wireless-telecommunications
VOD,wireless-telecommunications
